{
  "estrategias": {
    "estrategia_unificada": {
      "w_spread": 58,
      "w_mr": 44,
      "w_vol": 27,
      "z_mr_base": 2.5537219673605547,
      "z_panic": 4.871866313685166,
      "panic_rp": 0.6616394510656833,
      "roc_div": 0.016342330119170283,
      "spread_z": 2.353161788333731,
      "arb_edge_mul": 4.179274765290507
    }
  },
  "coordinador": {
    "buy_min_score": 0.17799469740047458,
    "sell_min_score": 0.7437781764421566
  },
  "gestion_riesgo": {
    "max_trade_pct": 0.4332129224022595,
    "min_trade_pct": 0.1223861716422219,
    "max_exposure_pct": 0.521335776818511,
    "sell_min_frac": 0.7372570667984669
  }
}