{
  "estrategias": {
    "estrategia_unificada": {
      "w_spread": 74,
      "w_mr": 59,
      "w_vol": 30,
      "cd_arb": 464,
      "cd_lag": 966,
      "cd_mr": 757,
      "cd_mom": 1155,
      "cd_panic": 1069,
      "budget_arb": 0.012573456201832204,
      "budget_lag": 0.013636116878032435,
      "budget_mr": 0.008651611918449997,
      "budget_mom": 0.010208229924358811,
      "z_mr_base": 1.6002581787022274,
      "z_panic": 3.4866439548319335,
      "panic_rp": 0.6799072981075625,
      "roc_div": 0.014178057332100556,
      "spread_z": 2.2424927025177324,
      "arb_edge_mul": 3.965133245192638
    }
  },
  "coordinador": {
    "buy_min_score": 0.2082753666470191,
    "sell_min_score": 0.7539613289287381,
    "min_pos_frac": 0.041371777480749446
  },
  "gestion_riesgo": {
    "max_trade_pct": 0.004824928495240673,
    "min_trade_pct": 0.0029957273517186318,
    "max_exposure_pct": 0.746179880844158,
    "sell_min_frac": 0.2546528648194705,
    "sell_max_frac": 0.6280294794423597
  }
}