{
  "estrategias": {
    "estrategia_unificada": {
      "w_fast": 9,
      "w_slow": 34,
      "w_roc": 9,
      "w_atr": 15,
      "w_vol_sma": 20,
      "max_hist": 1059,
      "candle_tf": 67,
      "take_profit_pct": 0.6091082064575537,
      "emergency_sell_frac": 0.5045750699736196,
      "w_spread": 66,
      "w_mr": 68,
      "w_vol": 38,
      "w_regime": 752,
      "cd_arb": 898,
      "cd_lag": 1253,
      "cd_mr": 967,
      "cd_mom": 1112,
      "cd_panic": 779,
      "budget_arb": 0.010040462645817231,
      "budget_lag": 0.010914036318471137,
      "budget_mr": 0.011432441685535533,
      "budget_mom": 0.01118203833281262,
      "z_mr_base": 2.482064838774329,
      "z_panic": 2.252868787231178,
      "z_stat_arb": 4.789544849303337,
      "panic_rp": 0.48167263814672107,
      "roc_div": 0.011536742612438906,
      "spread_z": 2.25620727419948,
      "arb_edge_mul": 3.442080862321153
    }
  },
  "coordinador": {
    "buy_min_score": 0.32315873523228134,
    "sell_min_score": 0.7393574452824685,
    "min_pos_frac": 0.04653827062943045
  },
  "gestion_riesgo": {
    "max_trade_pct": 0.009136569486207391,
    "min_trade_pct": 0.0036843101579786745,
    "max_exposure_pct": 0.733027848642378,
    "sell_min_frac": 0.293573149320442,
    "sell_max_frac": 0.81126432017753
  }
}