{
  "estrategias": {
    "estrategia_unificada": {
      "budget_arb": 0.6936319945703275,
      "budget_lag": 0.14362980042675877,
      "budget_mr": 0.9354453568464229,
      "budget_mom": 0.2059888136145157,
      "w_spread": 115,
      "w_mr": 76,
      "w_vol": 33,
      "w_fast": 4,
      "w_slow": 26,
      "w_roc": 17,
      "w_atr": 15,
      "w_vol_sma": 13,
      "max_hist": 148,
      "z_mr_base": 2.6748162429268247,
      "z_panic": 5.238705742365063,
      "panic_rp": 0.7685046249494274,
      "roc_div": 0.005510827921544968,
      "spread_z": 0.9868398341776125,
      "arb_edge_mul": 5.727683824944543,
      "cd_arb": 2,
      "cd_lag": 7,
      "cd_mr": 8,
      "cd_mom": 9,
      "cd_panic": 15
    }
  },
  "coordinador": {
    "position_eps": 2.239785104550949e-09,
    "buy_min_score": 0.7784656851415043,
    "sell_min_score": 0.9597467539923208
  },
  "gestion_riesgo": {
    "max_trade_pct": 0.33118058339174444,
    "min_trade_pct": 0.1411396704172706,
    "max_exposure_pct": 0.34377945374907226,
    "sell_min_frac": 0.714553425649465,
    "sell_max_frac": 0.8770719624948822
  }
}